Nama Tempat,Review
Pulau Mengkudu,"Pulau ini masih sepi, jadi belum banyak pengunjung yang datang. Mungkin karna pulau ini belum banyak di ketahui orang"" ya.. Aku sih kesini jg iseng aja karna dpt info dari temen. Akhirnya aku sm pacar kesini dan memang masih bagus pulau nya, keliatan alami. Apalagi"
Pulau Mengkudu,Pantai ini benar benar kece. Cuma akses jalannya jauh sekali Kalau mau kesini harus nyebrang naik perahu. Cuma begitu sampai kebayatlr dengan pantainya yang bersih
Pulau Mengkudu,Saya ke batu lapis pulau mengkudu. Bersama pak nelayan. Biaya nya 50rb perorang untuk menyebrang. Tempat nya bagus. Tp sangat panas di siang hari dan susah berlindung.
Pulau Mengkudu,"Pulau ini bersambung dengan daratan dikala air laut surut. Kita bisa jalan kaki dari daratan Sumatera, masalahnya belum ada jalan setapak yang memadai untuk menuju pinggirannya"
Pulau Mengkudu,"Pulau mengkudu yang sangat mempesona, keindahannya yang gak ada duanya. Perjuangan banget bisa sampe sini, naik sepeda motor naik gunung jalan berliku-liku sempit dan banyak bebatuan, belum lagi nyebrang kali yg jembatannya serem gitu hehe. Tapi seru banget, sampai ditempat tujuan kebayar semuanya!! Dan untuk"
Pulau Mengkudu,"Pulau yang berada di sekitaran kota kalianda, menempuh waktu 30menit berkendara ke arah way muli. Penyeberangan menuju pulau tersebut bisa menggunakan perahu dengan ongkos sewa 25rb/orang atau jalan kaki sekitar 2jam dari tempat wisata kahay (saya pilih naik perahu). Pulaunya masih bersih, ombak tenang, pasirnya"
Pulau Pahawang,"Pulau pahawang merupakan suatu gugusan kepulauan yang berada di dalam sub Teluk Lampung yaitu teluk ratai, pulau pahawang dengan kedalaman rata-rata diatas 2 M menyajikan estetika keindahan bawah laut yang masih alami terjaga dan asri hal ini juga yang membuat banyak wisatawan untuk datang berkunjung"
Pulau Pahawang,"Setelah Hari raya Idul Fitri kemarin, saya dan anak2 serta beberapa teman pergi ke Pahawang. Pengalaman pertama kesana, padahal saya asli dr Lampung.
Kesan pertama terus terang fee sejumlah Rp. 180.000/orang itu cukup mahal, karena pegalaman selama ini kalau jalan ke laut tidak perlu pakai"
Pulau Pahawang,"Tempat yang menyenangkan untuk snorkling dengan banyak spot yang indah
Guide dan penduduk yang ramah membuat kita betah.
Tinggal meningkatkan standar pelayanan saja seperti menu makanan dan kebersihan.
Overall ok"
Pulau Pahawang,"Hari kedua saya sekeluarga dan teman2 di lampung mengunjungi pulau pahawang. Kami menyewa kapal dr pantai Sari Ringgung. Cukup jauh untuk menjangkau Pulau Pahawang. Ada pahawang besar dan kecil. Pertama kami visit pahawang kecil, bermain di pasir dan jg di dkt tumbuhan manggrove menjadi kesenangan"
Pulau Pahawang,"Maaf, saya ingin bertanya
Dari bakauheni enakan ke pulau pahawang dulu atau ke teluk kiluan dulu ya?
Dan dari bakauheni berapa jam ke pulau pahawang / teluk kiluan?
Terima kasih banyak atas bantuan infonya"
Pulau Pahawang,Pulau yg penuh potensi dan cukup bersih. Homestay yg menarik. Tapi harap batasi jumlah snorkler demi kelangsungan alam
Pulau Pahawang,"Tempat snorkling terbaik, airnya bening dan bisa liat nemo serta terumbu karang super cantik, fasilitas di pulau juga mendukung seperti mushola dan toilet."
Pulau Pahawang,"Pahawang adalah pantai indah yang lokasinya tidak jauh dari Jakarta, terjangkau, dan banyak sekali tour n travel yang membuka open trip tipe backpacker kesini. Ada banyak penginapan berupa rumah warga yang disewakan. lebih murah jika rombongan untuk sewa kapal. banyak spot bagus bawah laut maupun"
Pulau Pahawang,"Sangat elok dan asri.penduduk lokal yg arip,sangat terbuka kepada pengunjung.suatu saat pasti berkunjung lagi baik bersama keluarga atau rekan kerja.sungguh tempat yang nyaman untuk melepas kesenangan bersama sama.
Hanya untuk tempat penjual oleh2 yang sulit di temui dan tempat areal parkir sedikit.
Tetapi itu tidak"
Pulau Pahawang,Pantai di Lampung yang pas sekali untuk snorkling. Disarankan untuk menginap di ketapang jika ingin menyebrang ke Pahawang. Karena kapal menuju ke pulau ini hanya pagi hari.
Museum Lampung,"Museum satu-satu nya di Lampung.. Cukup banyak benda bersejarah nya, cukup gampang menuju kesini. Dekat sekali dengan universitas Lampung."
Museum Lampung,"Muslim Lampung adalah muslim yang memiliki bioskop mini untuk anak-anak sehingga bermanfaat ganda, selain untuk menyimpan benda bersejarah juga berfungsi sebagai tempat refreshing anak2"
Museum Lampung,"Pakiran cukup luas, koleksi cukup lengkap, pencahayaan ruang kurang sehingga koleksi tidak begitu terlihat detailnya. Ruangan pengap karena banyak pendingin yg tidak dinyalakan. Namun harga tiket masuk sangat terjangkau."
Museum Lampung,"Museum ini secara bangunan sudah cukup baik, pemugaran museum tua satu ini telah dilakukan. Namun bagi saya kesadaran masyarakat untuk ke museum ini perlu digalakkan lagi sehingga suasanya bisa lebih hidup di hari biasa maupun weekend"
Museum Lampung,Banyak pelajaran yang bisa kita ambil ketika berkunjung ke museum ini.. Museum juga bersih. Taman depanpun tertata rapih.
Museum Lampung,"Kita bisa belajar sejarah dan kebudayaan asli Lampung di museum ini. Lokasi tidak jauh dari pusat kota dan harga tiket masuk sangat terjangkau, bahkan bisa lebih murah lagi untuk pelajar dan rombongan. Namun konsep museum masih sebatas ""menampilkan"", belum sampai pada ""memberi pengalaman"" kepada pengunjung."
Museum Lampung,"lokasi nya sangat terjangakau sangat mendidik recommended sekali karna di pusat kota nya,
kalau mau cari makan jg bnyak jajanan yg sangat membantu disini seru.."
Museum Lampung,"Lumayan lah tuk keluarga yg kepingin jalan2 tuk menghabiskan waktu luangnya, tapi sayang karena kurang suport dr pemerintah jadi isi dari museum tersebut kurang menarik,,,,"
Museum Lampung,"sebenarnya tempat ini cukup luas, dan bisa menjadi rujukan dunia dalam sejarah namun kurang sentuhan, tak ada yang istimewa, sepi, bahkan beberapa alat kurang terawat, tidak ada perpustakaan atau tempat membaca, tak ada pohon gersang sekali, seharusnya digratiskan saja masuk harus bayar rp. 5000/orang tak"
Museum Lampung,"sekarang sudah direnovasi, bagus. harus kesini, karena banyak menyimpan cerita sejarah Lampung. tapi tolong menjaga barang2 di museum, jangan merusaknya."
Central Plaza,"Kalau mau belanja kebutuhan harian rumah tangga, ya bisa di Central Plaza.
Produk-produk fashion juga lumayan lengkap.
Ada salon, foodcourt dan XXI.
16 June 2018"
Central Plaza,"Mallnya kecil, tapi tenantnya lumayan banyak. Yang biasa pake ovo, pasti suka ke sini karna banyak promo cashback. Ada hypermart, matahari, Cinema 21 dll"
Central Plaza,Lumayan lengkap di CP ini. Foodcourt jg banyak makanan. Barang barang yang dijual juga oke oke. Tapi suka macet jalan mau kesana.
Central Plaza,"Tempatnya di pringgir jalan kartini, pusa belanja foodcourt dan bioskop. Penunjung tidak selalu ramai seperti biasa, tempatnya nyaman dan bersih dan tempat parkir cukup luas."
Central Plaza,Mall ini dulu jaman saya SMP bernama Artomoro. Dlu jaman sekolah suka banget kesini sama teman2. Sekarang udah berubah nama jd Central Plaza. Di mall ini lah Lampung punya pertama kali 21 (bioskop). Hrg tiket bioskop nya pun lebih murah dan fasilitas nya juga masih
Central Plaza,"Sebelum Jadi Central Plaza. Tempat ini Terkenal dgn nama Artomoro. Dan Menjadi Tempat Tongkrongan Wajib Di Lampung Pada Masanya. Mallnya RElatif Kecil, Tapi Karena Letaknya Yg Strategis Bikin Mall Ini Selalu Rame. Gak Ada Yg Spesial dan Sama Kayak Pusat Perbelanjaan Lainnya, Foodcourt, Bioskop (Dengan"
Central Plaza,"Mall yg bersih, dingin, nyaman . Cinema yg bersih dan nyaman. Serta murah. Banyak makanan di dlm foodcourt ada siomay yg enak. Tempat parkir luas. Banyak sepatu sale"
Central Plaza,"Ada banyak mal di Bandar Lampung dan Central Plaza terletak di pusat kota. Walaupun mal ini selalu ramai, tempat ini biasa saja dan agak tua. Ada beberapa tempat makan di lantai atas dan supermarket (Hypermarket) di lantai satu."
Central Plaza,"Sesuai dengan judulnya, mall ini merupakan mall kecil di kota Bandar Lampung. Dikarenakan letaknya yang dengan hotel kami, kami pun berkunjung ke sini, sekalian menghabiskan waktu. Nilai plusnya di sini ada Hypermart dan McDonalds serta Matahari untuk berbelanja. ATM-nya juga lengkap. Nilai minusnya, mall-nya kecil"
Central Plaza,"Pusat perbelanjaan ini tidak terlalu besar, 2 lantai di isi Matahari Department Store. Lantai bawah ada Hypermart untuk berbelanja keperluan sehari-hari. Harga cukup bersaing dengan hipermart lain. McDonald's juga berlokasi di lantai bawah. Lantai paling atas ada bioskop 21 Cineplex dan food court. Untuk bioskop,"
Pulau Wayang,"konon keindahan pulau wayang ini bisa disetarakan dengan raja ampat, opini saya memang pulau wayang ini sangat menarik. Lautnya sangat bersih dan sering didatangi lumba-kumba"
Pulau Wayang,"Aku seneng banget dateng ke Pulau Wayang ini, karena pulau ini memiliki pulau - pulau kecil seperti yang ada di Raja Ampat Papua. Jadi gak perlu jauh - jauh ke Raja Ampat, karna kalau kesana butuh budget yang cukup menguras kantong, di Pulau wayang juga"
Nuwo Sesat Olok Gading,"Aku tinggal di lampung tapi aku bukan asli orang lampung. jadi karena penasaran dengan rumah adat dari masyarakat lampung, jadi aku berkunjung kesini sama teman- teman ku untuk sekedar menambah wawasan kami. Nuwo sesat adalah nama rumah adat masyarakat lampung, bentuk nya yang unik dan"
Taman Nasional Bukit Barisan Selatan,ini adalah surga hutan tropis dan disini jika anda beruntung mungkin bisa melihat bunga rafflesia arnoldi yang langka.
Taman Nasional Bukit Barisan Selatan,"Untuk akses jalan sudah mulai bagus dan lancar. Hanya perlu sentuhan wisata lebih lanjut agar menarik perhatian para wisatawan, apalagi di kawasan ini terdapat bunga raflesia arnoldi"
Taman Nasional Bukit Barisan Selatan,"Kita masuk kawasan ini menuju ke bakauheni setelah menikmati indahnya pantai tanjung setia, Krui. Banyak jalan berkelok dengan rimbunnya pepohonan dan banyak monyet seperti Baboon dipinggir jalan yang membuat kami waspada jika mereka lompat dan menerkam kami."
Taman Nasional Bukit Barisan Selatan,"Taman Nasional Bukit Barisan Selatan yang terletak di Kota Agung Kabupaten Tanggamus merupakan habitat dari Harimau Sumatera, Gajah Sumatera dan Badak Sumatera yang jumlahnya kian menurun. Sesuai namanya Taman Nasional ini didominasi oleh wilayah perbukitan dari Lampung s.d. Bengkulu, dan banyak tempat yg sulit dicapai"
Taman Nasional Bukit Barisan Selatan,"Taman Nasional Bukit Barisan Selatan merupakan bagian dari pegunungan Bukit Barisan yang membentang di Sumatera. TNBBS berada di Propinsi Lampung, ada beberapa tempat masuk ke dalam area TNBBS, salah satunya melalui daerah di Kota Agung. Jika melakukan kunjungan wisata singkat, tidak perlu menggunakan Surat Izin"
Lampung Walk,"Lokasi nya persis di seberang Rumah Sakit Urip Sumohardjo. Banyak variasi makanan disini karena terdapat food court. Dan terdapat kolam renang, jika ingin membawa keluarga dengan anak kecil di rekomendasi kan kesini."
Lampung Walk,Salah satu tempat liburan dan hiburan buat keluarga di Bandar Lampung dengan fasilitas kuliner dan water park
Lampung Walk,"Kalo pengen tempat kuliner yg lengkap dgn fasilitas rekreasi ditengah kota bandar lampung, maka disini pas banget. Bahkan saya bisa maen futsal dan badminton, dan anak saya berenang diwaterpark nya. Walau tempat parkirnya tdk terlalu luas tp nyaman sekali menghabis weekend disini. Makanan nya juga"
Lampung Walk,Mau cari makanan yg banyak menu nya bisa kesini. Jika pada pagi hari bisa ajak anak2 berenang disini juga. Komplit ada semua disini.
Lampung Walk,"Tempat pusat olahraga baru di bandar lampung. tempatnya besar, dan lengkap, ada lapangan basket, bultang, kolam renang, ada food court juga jadi abis olahraga lapar bisa makan. Tapi kurangnya harus booking juga jauh jauh hari,, lalu kadang uda booking juga pas datang dikasih ke orang"
Lampung Walk,Waterboom dan sarana olahraga yang menyenangkan buat liburan bersama anak anak. Dilengkapi dengan food court yang bervariasi bisa melengkapi full family day.
Lampung Walk,"Lampung Walk merupakan salah satu tempat wisata air dikawasan Sukarame-Bandar Lampung. lokasinya strategis dan mudah dijangkau dengan tempat parkir yang tersedia cukup banyak. Dengan harga yang terjangkau membuat tempat wisata ini menjadi favorit liburan keluarga. Bila anda berkunjung kesini, tersedia aneka makanan dan cemilan di"
Lampung Walk,Lokasinya tidak jauh dari pusat kota Bandar Lampung. Ada berbagai pilihan tempat untuk makan dan bersantai. Juga ada kolam renang berupa waterpark namun ukurannya tidak terlalu besar. Di dalam lokasi yang sama juga terdapat lapangan futsal.
Lampung Walk,Tempat nya sangat bagus.dan cocok buat yg pacaran .atau keluarga.bagi yg blm prnh ke sini silakan di coba dlu
Lampung Walk,"Instagrammable di setiap sudut nya. Belum semua di explore sih, mungkin lain kali bakal kesana lagi dan masuk ke waterpark nya.
Banyak tempat jajan, sudut2 untuk nongki2 cantik
cuma agak disayangkan karena lokasi di depan RS"
Pantai Bagus,"Singgah sejenak sambil beristirahat diperjalanan karena kebetulan pantai ini letaknya tidak jauh dari jalan raya, pantainya cukup indah namun kurang terawat sehingga menimbulkan kesan yang biasa-biasa saja."
Pantai Bagus,"Pantai ini tidak sesuai dengan namanya karna air di pantai ini kotor dan banyak sampah di pantai nya. sebenarnya kalau pantai nya di rawat dengan baik, pasti akan banyak pengunjung yang tertarik kesini. Lokasi nya juga mudah di jangkau dan masuknya gak jauh dari jalan"
Pantai Bagus,"Pantai ini namanya Pantai Bagus sebenarnya memang bagus tapi perawatannya gak bagus, banyak sampah berserakan , lokasinya mudah dijangkau karena tidak jauh dari jalan utama. Lumayan buat refreshing."
Pantai Bagus,"Liburan kemarin saya pergi ke bandarlampung, yah iseng2 untuk jalan2 ke arah kalianda lampung. Di pinggir jalan saya dan teman berhenti untuk singgah di Pantai ini. Pantai nya indah dan tidak jauh dari pinggir jalan Utama. Sayang, pantai ini kurang perawatan sehingga kelihatan standar saja."
Pantai Bagus,"Lokasinya tidak jauh dari Jalan Lintas Sumatera. Pantainya bagus dan pasirnya lembut, hanya saja banyak sampah berserakan. Secara umum kondisinya tidak terawat."
Pantai Bagus,"Lokasinya tidak jauh dari jalan lintas sumatra. Tiket masuk 10 ribu per orang dan 10 ribu untuk kendaraan. Walaupun hari minggu pengunjung tidK terlalu banyak di pantai ya g letaknya tidak jauh dari kalianda lampung selatan ini.
Ada banyak pondok dimana kita dapat bersantai sambil"
Pantai Bagus,Tiap bulan saya pergi ke lampungsesekali saya ke pantai ini untuk sekedar refresing pantainya asri dan bersihmudah2an ke depannya pantai ini lebih di perhatikan pemerintah setempat.supaya menjadi obyek wisata di prop Lampung
Pantai Bagus,"Pantai Bagus, bagi saya terkesan biasa2 saja seperti pantai2 yang lain hanya saja pasirnya yang putih bersih menambah pesona tersendiri. Banyak spot2 fotography disekitar pantai ini."
Pantai Bagus,Pantainya yg landai dan indah membuat anda terpesona dan letak yang strategis berada tidak jauh dari pusat kota Kalianda
Pantai Bagus,"Jika kita dari Pulau Jawa ke Pulau Sumatera berkendaraan pribadi via darat, tentunya kita akan berlabuh di Bakauheni unt kemudian melalui jalan lintas sumatera Bakauheni - Lampung.
Di dekat Kalianda, kita bisa mampir di Pantai Bagus.
Seperti namanya, pantai Bagus memang bagus.
Pantainya masih relatif"
Pulau Kelagian Lunik,Salah satu spot foto terbaik selama tur Pahawang. Beruntung sempat berkunjung ke sini saat cuaca cerah dan ombak tenang.
Pulau Kelagian Lunik,Salah satu destinasi wisata di Lampung dengan keindahan pantai sangat cocok untuk liburan keluarga dan mudah dijangkau
Pulau Kelagian Lunik,"Pulau kelagian lunik bagi saya tidak tergambarkan indahnya. Aplagi, disini keindahanyya begitu alami, masih belum banyak sentuhan tangan manusia. sayangnya, belum ada fasilitas mck yang memadai, dan fasilitas umum lain."
Pulau Kelagian Lunik,"Pulau kecil dengan pantai yang indah. Berpasir putih yg lembut dan pantai yg bersih. Ombak juga tenang sehingga aman buat anak2. Penyebrangan bisa dr pelabuhan ketapang dan pantai clara. Klo saya lebih suka menyebrang dr pantai clara.. selain tempat parkir nyaman, aman juga tempat bilasnya"
Pulau Kelagian Lunik,Pulau yang sangat bersih dan indah pemandangan sekitarnya. Tifak berpenghuni hanya masyarakat lokal yang datang pada saat wekend. Siapakan makanan dan minuman juga tikar jika andai ingin bersantai disana. Anda hanya akan dikenakana biaya parkir kapal sbsr 25k dan biaya sewa kapal kesana dr dermaga
Taman Kupu-kupu Gita Persada,"Overall suka banget kesini.
HTM 10ribu.
Banyak pepohonan, rindang banget.
Tempatnya bersih & terawat.
Kupu-kupu nya banyak, bagus2, warna warni, besar2 :D
Fasilitasnya lengkap, mushola ada, cafe mini juga ada,
Ada kaya museum gitu juga.
Ada lumayan banyak spot buat foto-foto."
Taman Kupu-kupu Gita Persada,"tempatnya cukup luas. saat saya datang, belum terlalu banyak kupu2nya, tapi ulatnya sudah banyak. banyak ayunan dan mainan anak2. sayang banyak sekali nyamuknya."
Taman Kupu-kupu Gita Persada,taman kupu-kupu gita persada dapat disebut sebagai konservasi kupu-kupu yang mengembangbiakan jenis kupu-kupu yang ada di sumatera
Taman Kupu-kupu Gita Persada,"Penangkaran kupu-kupu yang terletak di Sukadanaham. Tidak ada angkutan umum sehingga harus menggunakan kendaraan pribadi untuk ke sana. Saat saya datang, tidak banyak kupu-kupu karena katanya belum musimnya."
Taman Kupu-kupu Gita Persada,Tempat ini dikenal sebagai taman penangkaran kupu-kupu. Terdapat mini museum -- yang menghadirkan koleksi berbagai kupu-kupu yang telah diawetkan -- yang menyatu dengan mini kafe. Di lantai dua terdapat tempat bersantai yang cukup nyaman untuk beristirahat dan mengobrol setelah berkeliling area penangkaran. Tersebar di beberapa
Taman Kupu-kupu Gita Persada,"Taman kupu-kupu Gita Persada merupakan taman yang menjadi model bagi konservasi kupu-kupu di Indonesia. Pengelola banyak belajar mengenai kupu-kupu sejak memulainya dari nol hingga sekarang menjadi pusat penelitian kupu-kupu Sumatera dan memiliki banyak spesies kupu-kupu.
Baiknya datang di pagi hari dan cuaca cerah. Karena kupu-kupu"
Taman Kupu-kupu Gita Persada,"disini bisa liat kupu kupu berbabgai macam warnaaa,
banyak ayunan nya trus ada info mengenai jenis jenis kupu kupu
tp saran klo kesni jgn pas sore krna info dr petugasnya kalo sore kupu kupunya udh pulang kerumahnya hahaha trs disini keliaatn kyk kurang terawat untuk"
Taman Kupu-kupu Gita Persada,"tempat belajar dan bermain,untuk anak2, anak2 senang bermain di taman ini, walaupun fasilitasnya apa adanya, semoga fasilitasnya diperbaiki dan ditambah lagi"
Taman Kupu-kupu Gita Persada,"Kesan awal, tempat ini biasa saja, terkesan kurang pemeliharaan, tetapi lumayanlah untuk wisata bersama keluarga dengan nuansa alam. Taman Kupu-kupu Gita Persada Lampung , letaknya dekat dengan SMAN 7 Lampung, sekitar 5-6 km dari kota. Lokasinya di pinggir jalan jadi mudah dijangkau.
Tiket masuk Rp."
Taman Kupu-kupu Gita Persada,"Saya mendatangi tempat ini bersama seorang teman saya dengan harapan dapat berfoto-foto disana dengan view yang bagus, namun tempatnya kurang sesuai harapan. Kami hanya sebentar disana"
Pantai Klara Lampung,"Klara adalah singkatan dari klapa rapet. Memang pohon kelapa disini ditanam terlalu rapat.
Pantai ini lumayan bagus, berenang buat yang tak berani di tempat dalam atau anak balita memang bagus.
Suasana nya lumayan."
Pantai Klara Lampung,"pantai Klara diambil dari nama ""Klapa/kelapa rapat"". Mengapa? Karena ketika kita menuju pantai ini banyak sekali pohon kelapa
Sekarang pantai ini sudah kurang bagus, airnya sudah jorok"
Pantai Klara Lampung,Pantai berpasir putih dengan ambak yang kecil. Ada pantai Klara 1 dan ada Pantai Klara 2. Tp kedua pantai ini sama aja. Misalkan kurang cocok dengan Pantai 1 bs pindah ke pantai 2 tanpa di pungut karcis masuk lagi tinggal menunjukkan karcis dr pantai sebelumnya.
Pantai Klara Lampung,"Pantainya masih asri, fasilitas nya ada banyak gazebo di sepanjang pantai. Kalau sedang pasang tidak bisa turun ke laut karena air laut nya bisa sampai ujung pantai. Ada spot foto berupa jembatan pelangi."
Pantai Klara Lampung,"Belum ke lampung kalau belum ke pantai adalah slogan yg pas.. salah satu nya mungkin bisa termasuk pantai klara.. ada klara 1, ada klara 2.. cuma sayank, pas datang pas lagi ada pasang dan efek badai, hehehe.."
Pantai Klara Lampung,"Pantai ini berada di kawasan marinir TNI AU bandar lampung. Hal ini meyebabkan pantai ini tidak beafitu komersil sehingga murah dan menyenangkan. Jika ke sana hanya dikenakan biaya parkir mobil tanpa adanya tarif masuk perorang. Tempat parkir luas, tempat mandi bilas dan toilet sangat bersih."
Pantai Klara Lampung,"Pantai ini dekat dengan pantai Mutun. Tidak terlalu jauh dari kota. Pemandangan di pantai ini cukup bagus. Tapi kalau disiang hari, terasa cukup panas. Pantai ini disebut ""Pantai Klara"" karena disini terdapat banyak pohon kelapa yang jaraknya dekat (rapat). Jadi pantai Klara ini adalah singatan"
Pantai Klara Lampung,Pantai nya bagus dan menyenangkan untuk liburan bersama pasangan maupun keluarga. Saya akan datang lagi nanti
Pantai Klara Lampung,"Kalau hanya untuk membawa anak bermain air di pinggir laut tanpa keluar uang terlalu banyak, tempat ini bisa menjadi pilihan. Cukup naik mobil kurang dari 1 jam dari kota Bandar Lampung dan bayar tiket masuk. Airnya jernih dan beberapa tempat cocok untuk selfie. Sayangnya di"
Pantai Klara Lampung,"di pantai ini dapat berenang, lebih baik datang pagi, saat air masih pasang, laut masih bersih. apalagi kalau hari kerja, bisa serasapantai milik sendiri =)"
Gapura Bandar Lampung,"Gapura penanda masuk ke area bandar lampung, cocok buat foto dokumentasi sebagai tanda pernah menginjakkan kaki di kota bandar lampung."
Gapura Bandar Lampung,Gapura Bandar Lampung adalah gapura yang terletak di Raja Basa sebagai tanda bahwa kita memasuki Kota Bandar Lampung
Gapura Bandar Lampung,"Pintu Masuk Gapura Bandar Lampung, jalan raya terlalu ramai waktu jam siang dan lebih bagus jam tengah malam karena pencahayaan lampu lebih jelas, bagus atau menarik dan juga jalan raya sudah sepi."
Gapura Bandar Lampung,Gapura mantab jagan lupa kalau ke bandar lampung wajib datang ke sini karna gapurannya bagus bgt..!!!!!!!
Gapura Bandar Lampung,"Yang sangat menarik perhatian saya ialah, ada kalimat yang luar biasa yaitu kalimat tauhid (pengesaan Alloh sebagai Tuhan yang layak dipuja dan dipuji) dalam bahasa Arab gundul Laa ilaaha illalloh Muhamadurrosululloh artinya Tiada Tuhan selain Alloh dan Muhammad ialah utusan Alloh.
Kalimat ini menunjukkan bahwa"
Gapura Bandar Lampung,"persimpangan yang unik degan view pahlawan Radin inten II yang gagah, sembari menunggu lampu merah menyala hijau kita bisa melihat taman dan landmark bandar lampung jika malam lampu yang menghiasi menjadi tempat yang asyik"
Gapura Bandar Lampung,"ini terletak di pinggir jalan, sebagai tanda selama tdatang di kota Bandar Lampung. suka dijadikan tempat foto-foto, tapi jadi mengganggu lalu lintas."
Gapura Bandar Lampung,"Gapura nya bagus, cantik dan ikon kota lampung. Tp sangat disayangkan berada persis di pertigaan lampu merah yg sangat padat dan bnyak mobil gede2.. Tidak ada parkir area khusus, bahkan menyebrang pun ngeri sekali krn bnyaknya mobil berat dan besar.. Tp krn ingin foto yg"
Gapura Bandar Lampung,megah dan bercirikan budaya lampung tapi sayangnya tidak disiapkan rest area di dekatnya agar dapat memudahkan pengunjung untuk beristirhat
Gapura Bandar Lampung,"Harus ekstra hati-hati dan sedia 'payung sebelum hujan', itu bukan pepatah belaka tetapi itulah adanya, bukan tidak cinta tanah kelahiran tetapi harus realistis. berbeda dengan objek wisata kebanyakan, yaitu gapura ini ada di jalur pertigaan lintas antar propinsi sekaligus perbatasan dantara Kota bandar Lampung dan"
Pulau Condong,"Pulau dengan pemandangan alam yang indah, pasir putih yang lembut menghiasi bibir pantai. ada gua batu yang unik dan instagramable banget dan masih banyak lagi spot foto yang bagus untuk diabadikan."
Pulau Condong,"Pulau ini lokasi nya gak jauh dari Pantai Pasir Putih, pasti udah pada tau ya Pantai Pasir putih itu dimana. Sebenernya aku baru denger nama Pulau ini, kata nya sih bagus dan karna aku penasaran, jadilah aku sama temen-temen ku main kesini. Kalau mau kesini"
Pulau Condong,"Di lihat dari pantai pasir putih pulau itu kyak deket banget, kata si penyewa perahu di sana rame banget banyak yg jual makanan dan banyak pengunjung
Kami di ksih tarif 250rb buat nyebrang bolak balik. Sekitar 20 mnit di tengah laut sampai lah ke pulau"
Pulau Condong,"Pasir nya halus putih dengan goa"" batu bagus dan pohon kayu unik untuk spot foto yang bagus, hanya sayang pulau ini tidak terawat, banyak di kotori orang"" yang tidak perduli kebersihan"
Pulau Condong,"Dari pantai pasir putih kami menyebrang dengan tarif 200rb untuk satu perahu. Dan bisa sambil menikmati angin yg sepoi-sepoi serta ikan-ikan kecil yg ada disekitar perahu, menyenangkan bukan?
Sesampainya di pulau condong kita bisa menikmati pemandangan yg luar biasa, bersantai-santai dipinggiran pantai dengan banyaknya pepohonan."
Pulau Condong,"Kami menyebrang dr pantai pasir putih, per kapal nelayan pp 200rb, tp masuk pulaunya bayar lg per org 5rb, pantainya bagus, enak u bersantai, lbh bersih drpd rehat2 di pantai pasir putih yg kurang bersih dan ramai.. Dipulau ini ada gua yg keren2 bgt u"
Pulau Condong,pantai ini saya kunjungi ketika pas perayaan 17 agustus dengan pantai yang tenang dan bersih kita bisa berenang ampe tengah
Pulau Condong,Pulau ini kecil dan tidak berpenghuni dengan pasir nya yang putih. Jika menyewa boat bisa mampir ke pulau ini sebelum mengunjungi pulau kecil yang lain.
Pulau Condong,Pulau condong adalah salah satu pulau kecil yg berada tepat di seberang pantai pasir putih lampung.. memiliki suasana yg masih alami dan juga pantai yg bersih..
Pulau Condong,Pulau yang tidak jauh dari pantai pasir putih sangat pemberikan viiew yang indah dan tidak ada penghuninya tapi tetap terjaga lingkungannya
Gigi Hiu Kelumbayan,"Pantai batu Layar atau pantai Gigi Hiu merupakan salah satu pantai fotogenik yang sangat cocok sebagai tempat selfie yang paling eksotis.
Kendalanya adalah akses menuju lokasi pantai Karang Layar ini, berada di kabupaten Tanggamus kota kecil dari Bandar Lampung butuh waktu 3-4 jam perjalanan, pantai"
Gigi Hiu Kelumbayan,"Mungkin ditempat inilah bagi para fotgrafer utuk bisa berkreasi. Landscape batu yg menjulang keatas dan debaran ombak, membuat view yg sangat unik. sangat disayangkan kondisi jalan tak terawat. Tapi semua terbayarkan saat berhasil jepret begini"
Gigi Hiu Kelumbayan,"lihat hamparan karang besar yang dianalogikan seperti gigi hiu ini sangat indah terutama saat sunset. landscapenya pun tidak mengecewakan, sangat cantik bagi yang suka berswafoto alam saya anjurkan datang kesini"
Gigi Hiu Kelumbayan,"Mungkin untuk yang tinggal di Lampung, wisata Gigi Hiu ini atau masyarakat sekitar sebut dengan Batu Layar sudah tidak asing lagi. Tapi saya menyarankan banget buat coba dateng ke tempat ini langsung, pemandangannya dan spot foto yang keren banget bisa kita dapatkan dari sini, gak"
Gigi Hiu Kelumbayan,"Cukup menyewa perahu dari teluk kiluan, perjalanan termudah di bandingkan harus melewati perjalanan darat yang memakan waktu dan tenaga ekstra.
Recomended untuk para potographer yang hobi lanscape."
Gigi Hiu Kelumbayan,"Pantainya Bagus, Tapi cukup jauh dari bandar lampung, disarankan untuk membawa kendaraan sendiri dan pergi agak rame, lokasinya instagramable
untuk informasi lebih lanjut tentang spot ini silahkan subscribe channel youtube alfalegro jalan jalan"
Gigi Hiu Kelumbayan,"Pantai Gigi Hiu ini terletak di Lampung Selatan. Pantai ini sangat indah dengan bebatuan besar yang berjajar seperti gigi ikan Hiu. tahun 2015 yang lalu, belum banyak yang tahu dengan pantai cantik ini karena letaknya yang jauh dari kota. Tapi sekarang sepertinya pantai ini sudah"
Gigi Hiu Kelumbayan,Layaknya surga tersembunyi untuk menjangkau tempat ini memang perlu perjuangan tak ringan. Akses jalan yang mengenaskan dan hanya dapat ditempuh dengan sejam bermotor (ojek). Namun apa yang dilihat sepadan dengan pengorbanan. Luarbiasa !
Gigi Hiu Kelumbayan,"Mohan maaf bagi yg mengunggah artikel ini, saya bangga kalau batu layar pegadungan sudah banyak yg mengenal. Tapi sebagai putra daerah disana, saya merasa ada sedikit kekeliruan dalam hal ini. Karena kami selaku warga disana tidak pernah mengganti nama batu layar dengan sebutan gigi hiu"
Gigi Hiu Kelumbayan,Keren bnget. Cantik luarbiasa. Keindahan yg sungguh mempesona luar biyasa lampung indonesia. Wisata alam tak kalah dari pulau bali
Vihara Thay Hin Bio,"Ketika belanja oleh-oleh di Toko Aneka Sari Rasa tidak sengaja lihat vihara ini karena lokasinya yang tepat berseberangan dengan toko oleh-oleh tersebut.
Vihara tempat ibadah umat Budha merupakan vihara terbesar dan tertua yang berada di kota Bandar Lampung dan menjadi saksi bisu letusan Gunung Krakatau."
Vihara Thay Hin Bio,"Vihara ini adalah yang tertua di Lampung, menjadi saksi bisu letusan Gunung Krakatau. Lokasinya persis di sentra oleh-oleh Yen-Yen di Teluk Betung."
Vihara Thay Hin Bio,"Vihara ini sangat terkenal di Bandar Lampung. Banyak kaum Buddhist yang sering kesini untuk beribadah, Dan vihara ini sering mengadakan acara atau pertunjukan pada saat imlek, cap gohmed dan acara lainnya."
Vihara Thay Hin Bio,"Vihara ini merupakan vihara tertua dibandar lampung, sambil membeli oleh-oleh di toko yen-yen mampir deh kesini buat lihat2 bangunan vihara yang unik dengan warna yang ngejreng,. lumayan bagus buat foto2"
Vihara Thay Hin Bio,Lokasinya kalo ga salah berada beberapa langkah dari pusat oleh oleh yenyen. Bangunan ini sangat terawat dan bersih. Sayang saya saat itu tidak bs masuk krn sedang dibersihkan
Vihara Thay Hin Bio,"Klenteng tua. Tepat nya di teluk betung,lampung. Tempat ibadah umat konghucu yang usia nya suda 100 tahun lebih. Di sekitar situ juga ada tempat kita berbelanja oleh oleh khas lampung."
Vihara Thay Hin Bio,"Vihara tertua yang ada di bandar lampung, ini merupakan tempat ikon yang harus di kunjungi kalau ke lampung. Tempat ini sama seperti vihara pada umum nya yang menjadi beda adalah desain dari pintu masuk hingga ke dalam keruangan nya. Setiap hari besar selalu ramai dikunjungi"
Vihara Thay Hin Bio,Vihara ini menjadi sebuah heritage di kota lama Lampung yaitu teluk betung. Sejarah perkembangan agama Buddha di Lampung tidak terlepas dari keberadaan vihara ini
Vihara Thay Hin Bio,"Saya melewati jalan kakap Bandar Lampung sempat memfoto vihara tua ini,
Tetapi karena pada saat itu waktu jam 6 pagi sehingga pintu vihara masih tertutup.
semoga lain waktu bisa berkunjung hingga kedalam."
Vihara Thay Hin Bio,Vihara atau lebih tepatnya kelenteng ini terletal di pusat kota Teluk Betung dan merupakan salah sayu kelenteng paling tua di Bandar Lampung. Masyarakat lokal lebih suka menyebutbta Toa Pe Kong atau tepekong dan konon ada sebuah gang sempit di samping kelenteng ini yang disebut Gang
Puncak Mas,"Ajak keluarga kemari untuk duduk-duduk dan foto-foto dengan suasana yang berbeda.
Suka foto di platform kayu di atas pohonnya.
Kurang suka aja dengan rasa masakan yang ada.
Nice place!!"
Puncak Mas,Buat yg mau ngajak anak main disini juga bagus kok..banyak tempat main anak nya.view juga bagus koksaran aja kalau mau kesini pagi pagi atau menjelang sore..biar adem..jng lupa kaca mata hitam dan topispot buat selfi pun banyak
Puncak Mas,Saat masuk dan biaya nya 20rb biasa aja tapi begitu masuk dan pemandangan ataupun fasilitasnya ya biasa aja sih cuma ya asik tempatnya kalo pergi sama temen- temen. Fasilitas lengkap ditambah ada life musik tiap malem.
Puncak Mas,"Tempat nya lumayan keren sepintas berasa kaya di Puncak Jawa Barat,,
Dari atas keliatan kota Lampung, biaya masuk lumayan murah hanya 20rb/orang."
Puncak Mas,Salah satu destinasi wisata di Bandar lampung Lampung yang terletak di ketinggian Puncak Mas. Menawarkan alternatif wisata alam untuk keluarga
Puncak Mas,"Tempat yang nyaman untuk menikmati pemandangan dan udara yang segar. Hanya perlu waktu sekitar 30 menit dari Kota Lampung.
Tempat ini juga menawarkan aktivitas bersepeda gantung. Hanya untuk selfie saja ya. Sampai setengah jalan saja. Selanjutnya nanti akan ditarik.
Banyak tempat bagus untuk mengambil foto."
Puncak Mas,"Tempat ny keren sih dari atas keliatan kota lmpung ny,,hanya saja biaya masuk ny yg lumayan mahal nih"
Puncak Mas,"Datanglah kesini pada sore hari menjelang malam hari. Kamu akan melihat indahnya pemandangan kota Bandar Lampung. Tidak hanya itu saja, kamu juga bisa menikmati fasilitas yang ada di sekitarnya."
Puncak Mas,"saat saya datang, ramai sekali. ada beberapa rumah pohon yang bisa digunakan untuk berfoto, dan ""balon udara"" yang juga digunakan untuk berfoto. Untuk berfoto di balon udara, dikenakan biaya 20.000 rupiah
food court tidak menarik.
pemandangan ke kota bandar lampung cukup bagus karena letaknya tinggi."
Puncak Mas,"Jika anda berkunjung ke Lampung tepatnya di Bandar Lampung, Jangan lupa untuk mengunjungi puncak Mas. Pemandangannya akan mempesona matamu. Kita bisa melihat laut dan hijaunya perbukitan dan juga kota Bandar Lampung dari atas bukit.
Jika kamu menggunakan transportasi umum, kamu bisa menggunakan ojek online bisa"
Laguna Dodo,"berlokasi di dusun bandubg jaya, laguna ini indah banget dan letaknya cukup tersembunyi karena ada diujung pantai yaitu diujung pantai kiluan. laguna ini dikelilingi karang besar dengan airnya yang jernih ditemani desiran ombak yang membawa sensasi sendiri"
Laguna Dodo,"Aku sih terakhir kesini waktu masih Kuliah, karna kalau sekarang udah kerja di daerah bogor. But pengalaman ku main kesini itu sama temen - temen, disini itu Lautnya masih alami banget, jadi belum banyak terjamah oleh tangan - tangan nakal kids jaman now. hehe Lokasi"
Laguna Dodo,Sangat asyik mandi dan berenang di laguna dodo dengan air yang jernih dan segar di badan sambil melihat air laut yg terpancar ke atas dari sela2 bebatuan karang di tepi laguna.
Laguna Dodo,"Laguna ini terlaetak di sekitaran Teluk Kiluan. Dari tempat menginap, kami berjalan kaki ke tempat sini. Jalanannya lumayan naik turun bukit dan lumayan licin. Laguna ini jadinya terlihat seperti kolam kecil dipinggiran pantai yang dibatasi oleh karang-karang. Enaknya, kolamnya tenang. Tapi ombak besar tetap ada"
Laguna Dodo,3 jam perjalanan dan 30 menit tracking terbayar lunas kalo sudah sampe di laguna ini.. tapi tetep harus hati2x.. ga boleh ceroboh karena medannya lumayan berbahaya..
Laguna Dodo,"setelah dolpin tour kalian akan dibawa ke laguna gayau , dimana untuk ke laguna ini kalo dari tempat kita menginap diharuskan menyewa jasa tourguide biaya nya 50rb. biaya masuknya 5rb untuk 1 orang. track untuk menuju laguna gayau ini sangat sangat melelahkan buat saya :D"
Laguna Dodo,Tempat ini jadi salah satu spot favorit di teluk Kiluan. Disini kita bisa berenang di lagoon yang hanya dibatasi karang dengan laut lepas. Berenang jadi makin asik dan nikmat. Pemandangan menuju Dodo Lagoon ini juga indah banget..
Laguna Dodo,"Sebanding banget sama usaha yang ditempuh buat mencapai laguna dodo ini. harus trekking menanjak trus jalan di pinggiran batu karang yang sesekali terkena ombak. warna airnya jernih banget, dan banyak ikan2 kecil berenang di dalam laguna. jangan lupa bawa remah2 roti kalau mau main sama"
Laguna Dodo,"Perjuangan dari Bandar Lampung menuju Teluk Kiluan masih harus dilanjutkan dengan perjuangan menuju Laguna. Akses jalan yang ""nggak banget"" ditebus dengan air yang jernih dan tenang. Bawalah bekal makanan & minuman karena perjalanan jauh & berenang membuat kita lapar."
Laguna Dodo,"Jika ke Teluk Kiluan tak lengkap rasanya kalo tidak ke laguna dodo,tempatnya bagus,laguna yang dipinggir pantai/laut,sambil berenang bisa langsung menyasikan hamparan laut/samudera yang luas,lebih dianjurkan datang saat musim panas,takut ombaknya besar,nanti keseret kalo berdiri dipinggirnya,dan warna air nya terlihat biru jernih kalo cuaca cerah. biaya"
Pantai Mutun,"lampung cukup terkenal dengan wisata pantainya yang indah dan salah satunya adalah patai mutun ini, pantainya bersih dengan panorama alam yang indah, pasir putih yang lembut membuat kita nyaman untuk berlama-lama bersantai ria."
Pantai Mutun,Ke lampung belum lengkap kalau tidak ke pantai. Pantai Mutun lokasi nya ga jauh dr pusat kota. Bisa juga nyebrang ke pulau Tangkil dgn menyewa speed boat disana. Mau naik banana boat juga bisa di pantai Mutun.
Pantai Mutun,"Pantai mutun lumayan bersih pasirnya, tapi jangan pernah kesini weekend. Banyak banget yang piknik kesini, khususnya untuk liburan keluarga"
Pantai Mutun,"Salah satu destinasi wisata pantai di Pesawaran, lokasinya bisa dijangkau dari Bandar Lampung dengan kendaraan pribadi"
Pantai Mutun,"Pantai ini lumayan bagus, dengan pasir yang landai. Kebersihan masih cukup baik. Kita bisa naik perahu untuk sekedar mengelilingi pulau yg terletak di depan pantai ataupun main banana boat. Cukup menyenangkan"
Pantai Mutun,"Pantai mutun tidak memiliki ombak yang besar, jadi aman untuk anak kecil mandi, dan airnya bersih, serta kita juga bisa menyewa perahu untuk menyebrang ke pulau yang dekat dengan pantai muntun."
Pantai Mutun,"Terletak di Desa Sukajaya Lempasing Kecamatan Padang Cermin, dapat ditempuh dengan perjalanan darat sekitar 20 menit dari pusat kota Telukbetung. Dan kita bisa nyebrang ke pulau Tangkil disana ada pondokan, penyewaan perahu, kano, banana boat dengan biaya yang terjangkau."
Pantai Mutun,"Parkiran luas, pasir banyak karang dan agak kotor, tempat bilas luas dan besar namun airnya kecil, sewa saung mahal."
Pantai Mutun,Pantai ini dari dulu rame banget. Tapi sekarang sudah jelek. Airnya sudah kotor dan banyak buku babi
Pantai Mutun,"Pantai mutun adalah salah satu pantai di tak jauh dari pusat kota bandar lampung. Tapi untuk sampai ke tempat ini dengan kendaraan umum sedikit sulit, lebih mudah dan bebas dengan transportasi sendiri. Karena masuk tempat wisata yang lumayan sedikit jauh dari jalan utama. Biaya masuk"
Taman Nasional Way Kambas,"Lokasi yang masih sangat asri .
Ada terdapat lokasi dimana kita bisa naik gajah di temani oleh pawang"
Taman Nasional Way Kambas,"Nikmati dan jaga lingkungan sekitar kita.
Jika kita ingin menikmati indahnya alam dan habitat serta hewan segera kunjungi Taman Nasional Way Kambas,Jepara Lampung Timur Provinsi Lampung."
Taman Nasional Way Kambas,"Saya sering mendengar tentang Taman Nasional Way Kambas tapi belum pernah sekalipun mengunjunginya.
Akhirnya kesempatan itu datang juga ketika ada kursus yg mengambil tempat di Taman Nasional ini.
Tentu kesempatan itu tidak saya sia2kan. Sebagai penggemar fotografi saya berangkat dengan perlengkapan perang yang komplit. Dari"
Taman Nasional Way Kambas,"Satu tempat yang masih alami terutama ekosistem.
Sangat cocok untuk para penelitian khususnya,tetapi karena pengelolaan oleh pejabat daerah yang sesuai,maka way kambas salah satu tempat pariwisata yg wajib di kunjungi di lampung timur.
Fasilitas membaik
Sarana malai baik
Warga lokal yg santun dan ramah ,,,"
Taman Nasional Way Kambas,"Untuk saya ini adalah pengalaman yang sangat menyenangkan. 3 hari berada di Pusat Konservasi Gajah (PKG) rasanya belum puas menikmati kebersamaan bersama gajah. Walaupun Way Kambas bukan hanya tempat gajah. Banyak hewan eksotik disana dari siamang, burung, babi hutan hingga buaya di Way Kanan.
Untuk"
Taman Nasional Way Kambas,"Memilih naik gajah dengan paket Safari, cukup bayar 200rb sudah 1.5jam keliling taman nasional. Menikmati savana luas, masuk pinggir hutan, rawa - rawa dan naik gajah di habitat aslinyaa pengalaman yang luar biasa seruuuu. Harus di coba kalau yang ke Lampung, walaupun lumayan jauh 3"
Taman Nasional Way Kambas,"Tempatnya cukup jauh dari jalan Utama, Saya Sarankan untuk bawa kendaraan Sendiri, Kalau mau datang kesini dari bandar lampung bisa menggunakan bus Damri perintis dari Pool Damri Raja Basa Bandar lampung dengan Jadwal kebedangkatan Jam 8 Pagi dan Harga Tiket 30 Ribu Rupiah, nanti bus"
Taman Nasional Way Kambas,Sunguh indah tapi sayang jaln nya kurang lebar dan sedikit berlubang jika ada acara fistifal macet macet tapi tetep seru way kambas good
Taman Nasional Way Kambas,"Wisata Hutan Yg Jauh dari Keramaian, cocok bagi sahabat yg suka Berexplorasi & Menghilangkan penat dari hiruk pikuk Kehidupan Kota, waykambas adalah Tempat Tinggal Kawanan Gajah, Disini kita bisa Melihat Gajah Mandi, Memberi makan Gajah, Menaikki Gajah & Menonton Aksi Atraksi Gajah.
Kalau mau kesini"
Taman Nasional Way Kambas,"Tempat yang sangat cocok untuk kalian yang hobi bertualang dan bersafari di alam liar. Anda yang terbiasa dengan hiruk - pikuk perkotaan, akan merasa tenang dan damai di area Taman Nasional ini. Sempatkan diri anda untuk ikut menjelajah masuk hutan dengan menunggangi gajah"
Pulau Sebesi,untuk menyebrang menuju Pulau Sebesi menggunakan kapal kayu. Perjalanan dari Dermaga BOM Kalianda menuju Pulau Sebesi memakan waktu selama dua setengah jam dan gelombangnya agak lumayan bikin mual juga. selama dalam perjalanan saya menikmati panorama keindahan laut dan pulau-pulau cantik yang dilewati. Pulau Sebesi ini
Pulau Sebesi,"basecamp ketika trip ke krakatau. tempatnya asik ala barak tentara gitu. pantainya bikin fresh, banyak nelayan juga yg tinggal di sana. ketika malam gak kalah keren, berasa bobo di bawah bintang bintang hihi."
Pulau Sebesi,"Salah satu pulau yang berpenghuni yang cukup dekat ke Anak Krakatau, perjalanan sekitar 1,5 jam dari dermaga Canti. Lokasi pulau ini cukup strategis untuk eksplore pulau-pulau sekitarnya dan menuju spot snorkling. Ada beberapa tempat menginap yang murah dan cukup bersih. Makanan yang disajikan standard. Air"
Pulau Sebesi,Dtg beregu akhr aprl'17 kmrn stlh menempuh jln laut dgn kpl kayu tertutup jalur gn anak krakatau ..mlht darat sangatlah senanghbs mabuk laut sih.d pulau sebesi ini ada tmpt bermalam yg terlihatnya menggunakan fan 1 kmr bs diisi bbrp org..ada yg tempat tdr sejenis springbed
Pulau Sebesi,"dapat ditempuh dengan waktu sekitar 2 jam dari dermaga canti kalianda, sudah terdapat banyak warga di pulau ini, ada beberapa penginapan yang bisa di sewa di tempat ini, bisa mancing ikan juga di dermaga, cukup bagus buat bersantai
untuk intip lebih lengkap tentang pulau ini,"
Pulau Sebesi,"Nah salah satu pulau yang termasuk pada wilayah provinsi lampung ini bisa membuat kita sangat happy dan seru abis. lebih seru jika berangkat dari jakarta dilanjutkan menyebrang dengan naik kapal roro dari pelabuhan merak ke pelabuhan bakauheni,dilanjutkan naik angkot ke pelabuhan canti (yang merupakan dermaga"
Pulau Sebesi,"Pulau nya masih bersih, laut biru nya yang Indah dengan pemandangan gunung , penduduk asli yang ramah dan baik."
Pulau Sebesi,"Pulau ini secara administratif berada di Desa Tejang, Kecamatab Rasabasa, Kabupaten Lampung Selatan, Lampung. Berbagai aktifitas dapat dilakukan disini, berenang ganteng di laut yang tenang, bersantai ria bersama orang terkasih. Tapi sayangnya pasirnya berwarna hitam"
Pulau Sebesi,"Ikut open trip menginap di pulau ini. Tinggal di homestay bersama 16 orang lain. Pulaunya kecil, masih bersih dan jadi tempat tinggal penduduk. Ada warung yang menjual makanan dan minuman. So tak perlu khawatir kehausan. Plus ada air kelapa murah. Habis nyemplung, panas-panas minum air"
Pulau Sebesi,"Saat ikut tur ke beberapa pulau dan trekking anak gunung krakatau,kita menginap di rumah penduduk di pulau sebesi, dikarnakan belum ada penginapan,jadi rumah penduduk dijadikan penginapan. sebenarnya pulau sebesi ini ada 2,pulau sebesi besar dan kecil, nah yang besar ini berpenduduk sementara yang kecil hanya"
Pulau Pisang,"Pulau yang memiliki begitu banyak keindahan, pantai yang menawan dengan pasir putih yang lembut. rekomended banget deh buat para anak pantai."
Pulau Pisang,"Dari kejauhan kayak pisang bentuknya, resort nya bagus bagus banget, recommended banget lah buat turis turis domestik apalagi internasional"
Pulau Pisang,Pulau Pisang adalah tempat yang indah untuk menikmati pasir putih dan laut yang berwarna hijau toska. Mandi di bekas Dermaga Pasar Pulau Pisang yang disampingnya ada Dermaga Apung adalah tempat favorit di sini. Kadang kita melihat nelayan berlabuh dengan membawa pulang ikan blue merlin alias
Pulau Pisang,"Pertama kali ke pulau ini tahun 2011, dan sampai sekarang tidak pernah bosan untuk datang kembali.
Pantainya indah. Masyarakatnya ramah.
Banyak pengrajin tapis dan sulam mas."
Pulau Pisang,"Kita bisa naik jukung dari Pantai Krui, menyeberang ke Pulau Pisang. Jika beruntung, kita bisa bertemu lumba lumba selama perjalanan. Ombak Pantai Krui termasuk tinggi dibanding pantai lainnya karena pantai ini terkenal akan tantangan selancarnya. Perhatikan musim jika ingin menyeberang Pulau Pisang. Kami pernah gagal"
Pulau Pisang,"Pesona pantai dan ombak yg luar biasa, sepanjang perjalanan dengan perahu/jukung disuguhkan pemandangan lumba lumba yang sedang berlompatan(jika anda beruntung). Keramahan penduduk nya menjadikan pulau pisang ini menjadi destinasi wisata yang luar biasa dan eksotis"
Pulau Pisang,"Dikelilingi oleh air laut yang sangat jernih dan berwarna biru dan itu menakjubkan. Pantai dengan pasir putih dan pemandangan yang elok. Perjalanan dengan perahu juga sangat menyenangkan, kami sangat beruntung karena bisa melihat lumba-lumba"
Pulau Pisang,"Tempat yang bagus untuk menyelam, memancing, dan berselancar ketika kondisi memang lagi pas . Lokasi yang sempurna dan tempat yang bagus untuk melihat pulau nelayan yang serba lambat."
Pulau Pisang,"Selamat datang,
backpacker, turis mancanegara, dan turis domestik , atau bahkan tamu yang terdampar di lokasi ini. Pulau Pisang terletak satu jam jarak tempuh dari Krui, pusat pemekaran Kabupaten Pesisir Barat, dapat ditempuh dengan motor atau mobil dan dilanjutkan tidak sampai 30 menit penyeberangan kapal"
Pulau Pisang,"Pengalaman kami menuju pulau pisang mengingatkan fakta bahwa anda sangat, sangat jauh bahkan dari tempat dimana anda memulai  di sepanjang jalan, jika cuaca bersahabat, gunung-gunung sekitar memberi kesan bahwa anda sedang berada dalam sebuah cerita film."
Masjid Agung Al Furqon,Terlihat megah dari luar. Tapi sayang belum bisa mampir. Mungkin lain kali bisa kesini lagi bareng keluarga
Masjid Agung Al Furqon,"Masjid ini terletak di tengah pusat kota. Dan terdapat ballroom nya, suka di sewa untuk dijadikan tempat akad dan resepsi pernikahan"
Masjid Agung Al Furqon,"Mesjid kebanggaan ummat Islam di Lampung dengan fasilitas ruang pertemuan di lantai dasar, terletak di tengah-tengah kota Bandar Lampung"
Masjid Agung Al Furqon,"Saat memasuki kawasan masjid ini, saya mendapati areal parkir yang luas, dan menghadap ke jalan raya dengan pemandangan yang cukup menarik. Apalagi, masjid yang berseberangan dengan kantor Walikota ini semakin indah saat malam hari. selain itu, masjid ini punya karakter yang khas, yakni kubah masjid"
Masjid Agung Al Furqon,"Masjid ini terletak di kota bandar lampung, ukurannya yang besar menjadikan masjid ini nyaman untuk dijadikan destinasi ibadah sholat, apalagi kita yang sedang dalam perjalanan ataupun yang kantornya dekat dengan masjid ini tentunya masjid ini jadi pilihan"
Masjid Agung Al Furqon,Masjid ini berada di tengah kota. Masjidnya juga selalu ramai. Alat solat juga tersedia banyak disini.
Masjid Agung Al Furqon,Tempat ibadah.sekaligus bisa untuk turis.pemandangan dari air mancur.cukup bagus.tempat yang rame.kalo malam banyak yang duduk ngongkrong .di sekitar pinggiran .sip deh
Masjid Agung Al Furqon,"Selain berpusat pada masjid sebagai tempat ibadah, kawasan di depan Masjid Agung Al Furqon juga menjadi tempat nongkrong di malam hari. Tersedia banyak jajanan dan meja-kursi, cocok untuk mengobrol bersama teman-teman sambil menikmati suasana malam."
Masjid Agung Al Furqon,Banyak sekali teman saya yang melakukan pernikahan di sini. Hal ini dkarenakan masjid ini mempunyai ballroom di bagian bawahnya. Fasilitasnya juga lengkap. Kebersihan lumayan. SAyangnya kalau malam di sekitar masjid ini jadi tempat nongkrong
Masjid Agung Al Furqon,"Pada Bulan Ramadhan lalu, saya sengaja singgah di Masjid ini dan berniat untuk itikaf. alhamdulillah cukup banyak jamaah yang hadir bersama untuk itikaf. Masjid Agung Al Furqon sangat cocok untuk itikaf, fasilitas MCK bagus, tersedia makan sahur dan berbuka puasa gratis dari pengurus Masjid serta"
Pulau Tanjung Putus,"Pengalaman yang tidak terlupakan menginap di pulau ini, pantainya bagus dengan pemandangan terumbu karang yang terawat. airnya jernih sehingga kita bisa melihat ikan-ikan yang sedang bermain diterumbu karang. fasilitas penginapannya juga sangat baik, ber AC, bersih sampe ke toiletnya. rekomended banget deh."
Pulau Tanjung Putus,"Aku kesini baru sekali dan pengen kesana lagi, karena pulau nya sangat terjaga dan indah. Air nya jernih tidak terkonaminasi dengan sampah, banyak ikan dan terumbu karang nya dan memang masih terjaga banget. selain itu juga di pulau ini menyediakan cottage bagi yang ingin menginap"
Pulau Tanjung Putus,"Pantainya bagus, banyak ikan, terumbu karang terjaga, cottage nya bagus dan bersih AC, toilet bersih dan banyak, makanan kalo untuk yg menginap enak."
Pulau Tanjung Putus,"Cobain main2 kesini, cari jadwal yang pas kalau kesini, karna sering terjadi pasang surut, spaya hasilnya memuaskan bawa kamera buat mengabadikan indahnya pulau disini."
Pulau Tanjung Putus,"kemarin pas waktu kesini, pantainya lagi surut. jadi kita bisa maen di tengah-tengah pantai tanpa takut air. pasirnya putih, airnya juga bening banget. jadi berasa kaya maen di infinity pool gitu."
Pulau Tanjung Putus,"Mengunjungi pulau ini kemarin bersama keluarga besar, perjalanan menggunakan kapal laut yang agak sedikit kuno memakan waktu 2 jam.. Sangat bagus untuk traveler yang suka dengan kegiatan air seperti snorkling atau diving.. Hanya saja sinyal data (3g/4g) tidak akan bisa ditemukan disana.. Tapi overall pengalaman"
Pulau Tanjung Putus,Pulau Tanjung Putus merupakan salah satu tempat tujuan wisata snorkling dan diving yang ada di Bandar Lampung selain Pulau Pahawang. Jaraknya yang tidak terlalu jauh jika menyeberang dari Pelabuhan Ketapang menggunakan speed boat hanya sekitar 30 menit. Di Pulau Tanjung Putus juga banyak terdapat villa
Pulau Tanjung Putus,"Bukan sekedar Pulau Biasa, itua adalah salah satu kalimat yang terucap dalam hati pada saat menginjakkan kaki di Pulau Tanjung Putus, yang merupakan salah satu Pulau yang berada di gugusan Kepulauan Pahawang. Yap, Pulau ini satu kawasan dengan Pulau Pahawang, Tanjung Putus memang belum seterkenal"
Pulau Tanjung Putus,Tanjung putus memiliki pantai yg masih alami.. krn belum begitu banyak di eksploitasi.. memiliki taman bawah laut yg indah dengan air yg jernih.. snorkling di tanjung putus menjadi pengalaman yg bgitu menyenangkan..
Pulau Tanjung Putus,Bawah laut tanjung putus begitu indah. Sungguh betah untuk snorkeling disini. Ada pula penjual mie instan di atas laut. Sungguh membantu ketika lapar
Pantai Krui,"Pemandangan alam sekitar dan pantainya sangat indah, air biru sejauh mata memandang. ombak di pantai ini cukup besar jadi harus berhati-hati kalau ingin berenang."
Pantai Krui,"Merayakan Tahun Baru 2018 bersama PHRI Pesisir Barat di Lamban Yoso.
Acara meriah menggabungkan nuansa Tradisional tari Lampung sampai disk jockey dari Rusia yang menghentak hingga petasan, terompet sampai pesta kembang api."
Pantai Krui,"Krui memang salah satu wilayah di bagian Lampung yang cukup terpencil dan jauh dari pelabuhan Merak, sekitar 8 jam untuk sampai disana. Melewati hutan dan perkebunan yang rimbun. Sebenarnya ada banyak pantai di sepanjang pesisir krui, bukan hanya labuhan jukung, ada juga pantai walur dsb."
Pantai Krui,Ombak dilaut ini keren Cocok untuk yang hobi surfing.. Tapi kadangan takut sama ombak yg gede gitu..
Pantai Krui,"6 jam perjalanan dari Kota Bandar Lampung tentunya anda ingin melihat pantai yang lebih, jika anda bukan penikmat surfing atau pemburu spot foto untuk sunset ini bukan tempat anda. Pantainya bersih tetapi sulit untuk berenang. Atmosfirnya bagus, masyarakat juga welcome."
Pantai Krui,"Luar biasa, walaupun jarak dari ibukota provinsi menuju krui sekitar 6 jam tapi dibayar dengan pemandangan sepanjang perjalanan yang sangat Indah, gak rugi deh kalo ke Krui pesisir barat, dijamin puas "
Pantai Krui,"Pulau Pisang merupakan pulau yang terletak di Kabupaten Pesisir Barat Propinsi Lampung
Pulau kecil dengan hamparan pasir putih yang indah begitu banyak menarik perhatian para wisatawan yang datang ke pulau ini selain pasirnya yang putih pulau ini juga mempunyai objek wisata yang menarik seperti Surfing"
Pantai Krui,"Akses jalan menuju ke pantai ini cukup mudah. Keindahan pantai Krui sangat memukau dengan pasir putih yang landai. Aktifitas wisatawan yang utama bagi wisatawan yang senang berselancar disini tempatnya, karena pantai ini sangat cocok untuk peselancar. Selain itu wisatawan bisa berjemur atau berperahu untuk menikmati"
Pantai Krui,"Pantai bersih ombaknya besar dan menakjubkan. Didukung dengan transportasi yg tersedia diantaranya pesawat terbang jadi alternatif tercepat semenjak bandara seray diresmikan, selain itu jalur lintas darat juga dapat dijadikan pilihan, karena selain badan jalan yang sudah mengalami pelebaran sehingga perjalanan terasa nyaman pengunjung juga dapat"
Pantai Krui,"Selamat datang ,
backpacker, turis mancanegara, maupun domestik, atau bahkan tamu yang terdampar di tempat ini. Pantai ini adalah pusat wisata dari Krui, sebuah pusat pemekaran Kabupaten Pesisir Barat, Lampung. Kelebihan dari Pantai ini adalah pasirnya yang bagus dan anda sekalian bebas berenang disini, terbuka"
Teluk Kiluan,tempat wisata lampung yang tersohor untuk lihat lumba-lumba liar habitatnya. kesini saya sarankan datang bulan april sampai september karena itu adalah waktu terbaiknya
Teluk Kiluan,"Jaraknya sekitar 3 jam berkendara mobil dari kota Bandar Lampung. Tidak ada transportasi umum langsung ke desa Kiluan, alternatif adalah sewa mobil, menumpang truk sayur/belanjaan dari kota, atau sewa sepeda motor. Dari Desa Kiluan ke Pulau PP 20ribu, yang mau sewa penginapan, 250rb (langsung) hingga"
Teluk Kiluan,Menginap di pantai ini sangat mengasyikkan. Ditemani dengan deburan ombak dan angin Akan berkunjung kesini lagi
Teluk Kiluan,"Jalanan yang ekstrim membuat kita ekstra sabar untuk dapat melihat keindahan teluk kiluan. Teluk kilauan tidak lah memiliki sejuta pesona yang dapat kita nikmati, namun membuat betah hati dan jiwa tatkala menapakinya."
Teluk Kiluan,Suka banget sama pemandangan disini pasir yang empuk debur ombak yang tinggi banyak ikan-ikan hias didalam laguna nya semoga tidak tercemar
Teluk Kiluan,"Teluk kiluan memiliki keindahan pesona laut dan pulau kecil untuk melepas lelah dengan minuman kelapa muda (degan) dan yang sangat luar biasa adalah ribuan lumba2 liar yang tidak takut didekati oleh perahu yang berisi manusia dan bahkan mau berenang kejar2an dengan perahu jukung. Selain itu,"
Teluk Kiluan,"Saya berkunjung ke sini bersama teman saya menggunakan provider tour. Saya sudah terbiasa ikut budget tour seperti ini sehingga sudah tahu ekspektasinya seperti apa. Tapi ternyata untuk yang kali ini, budget tournya jauh dibawah ekspektasi. Kami tahu kami akan tidur seadanya di rumah penduduk, tapi"
Teluk Kiluan,"Nice to view lumba-lumba saat melintas d lautan lepas, jauh dari tepi pantai, harus diakses dengan perahu jukung"
Teluk Kiluan,"teluk kiluan adalah sebuah pantai yang masih sangat alami di ujung lampung, ada banyak petualangan yang menantang dan tersembunyi disana, jangan berharap pada manjanya fasilitas hotel yang lazimnya, ini tentang petuangan liar yang benar2 baru dan menyenangkan, cukup menyewa cottage yang cm 2 meter lgsng"
Teluk Kiluan,Perjalanannya cukup melelahkan dengan jalan yang kurang bagus. Tapi tidak mengecewakan karena disini kita melihat pemandangan yang indah. Di pagi hari dengan menaiki jukung kita akan melihat aktifitas Lumba lumba bermain main di tengah lautan.
Boemi Kedaton Mall,"Mall yang katanya terbesar dikota bandarlampung, namun isinya kurang lengkap. Makanan tidak lengkap, khususnya food court area. Jadi bingung mau makan apa disini. Brand besar kfc atau mcd jg tidak tersedia disini
Untuk akses parkir bagus. Cuma ramai kendaraan ketika mau masuk mall karena pas"
Boemi Kedaton Mall,"Mal yang asik buat belanja, makan, dan nonton si XXI.
Cafe dan restonya bagus dan enak-enak. Nyaman buat makan bareng keluarga.
Ninton film, tinggal naik ke lantai 3."
Boemi Kedaton Mall,Di mall ini smua nya lengkap.ada food court yang tersedia banyak makanan. Menuju ke Mall ini jg gampang posisi nya tepat si sebrang fly over yang baru di bangun.
Boemi Kedaton Mall,"untuk hiburan bagi masy lampung,MBK menjadi salah satu tempat yg diperhitungkan untuk meluangkan waktu apalagi waktu di akhir pekan..bioaskop XXI,lalu stall makanannya juga berbagai macam,,nice place"
Boemi Kedaton Mall,Parkir mobil susah dan banyak debu karena pembangunan di sebelahnya. Kurang bagus untuk dikunjungi karena suasananya dan peletakan outlet yang kurang bagus.
Boemi Kedaton Mall,"Salah satu Mall besar yang termasuk masih baru di kota Lampung. Ada supermarket, bioskop serta makanan cepat saji serta restaurant ada di mall ini. Salah satu merek gerai kopi yang sangat terkenal tempatnya cukup bagus untuk pertemuan di sini. Di Mall ini juga nantinya akan"
Boemi Kedaton Mall,Ini satu-satunya mall terlengkap di Lampung. Tapi parkirannya sempit banget apalagi kalo lagi musim liburan.
Boemi Kedaton Mall,Untuk ukuran mall bisa di katakan standart. Cukup lengkap koleksinya. Harga juga standart. Recommend buat yg suka jalan2. Tempat makan kurang banyak. Bersih dan nyaman. Toilet tersedia cukup banyak tapi kebersihan sedikit kurang.
Boemi Kedaton Mall,"Salah satu mall yang ada di bandar lampung ini merupakan tempat yang asik untuk semua kalangan usia, anak anak bisa bermain di time zone, orang tua bisa belanja, nonton film, dan makan makan, one stop entertainment pokoknya. Sebentar lagi juga akan ada hotelnya makin lengkap"
Boemi Kedaton Mall,"Mallnya bagus, ramai, tetapi kalau ada event tertentu seperti bazar apa terlalu padat dan seperti pasar saya pikir."
Pantai Sari Ringgung,"Tempat yang menyenangkan, pantainya bersih, banyak tempat duduknya, ada live music, ada wisata apung, dll"
Pantai Sari Ringgung,"Saya bersama keluarga besar bekunjung kemari saat Lebaran 2018. Sara saya, jika ingin menikmati suasana pantai dalam rangka menenangkan diri atau refleksi, jangan pernah kemari saat liburan/hari besar, karena sangat ramai. Keluarga kami datang menggunakan bis dan menyewa 3 pondokan, namun ternyata belum ditandai sehingga"
Pantai Sari Ringgung,"HTM 25ribu/motor & 50ribu/mobil
Dari pusat kota Bandar Lampung hanya sekitar 1jam.
Akses jalan lumayan bagus.
Tapi pas kesana sungguh miris, banyak sampah.
Sampah dimana-mana ya Tuhan :'(
Padahal harga tiketnya mahal banget. Jadi nyesel."
Pantai Sari Ringgung,Saya sekeluarga 3 dewasa + 2 anak ke Pantai Tegal Mas dengan sewa kapal Rp350rb dan free tiket masuk + free pondokan.sangat menyenangkan dan fasilitas untuk kelas wisatawan domestik cukup memadai walaupun masih jauh dari ekspektasi saya jika dibandingkan dengan Bali atau pantai rasa sayang
Pantai Sari Ringgung,"perjalanan hanya 1 jam, biaya masuk 10ribu sudah bisa naik ke gunung bisa liat pemandangan keren nah jika ingin ke pasir timbul butuh biaya sekitar 50rb/ orang untuk naik kapal hanya 15 menit tapi super worth sih pasirnya putih dan airnya super bening, Fasilitas lengkap"
Pantai Sari Ringgung,"Hanya 1 jam-an dari Bandar Lampung,, Pantai Pasir Putih,, baru direnovasi jadi masih bagus dan bersih,, ada banana boat n wisata nyebrang ke pulau"
Pantai Sari Ringgung,Pantai yang sangat mahal masuk dan biaya sewa pondok padahal fasilitas yang tidak ada sama sekali mendukung
Pantai Sari Ringgung,"Cukup indah pemandangan alam nya sudah banyak perubahan dari tahun 2012 saya ke sini sampai sekarang.. dan makin banyak sampah pasti nya. Dari biaya masuk sekarang per mobil menjadi 50.000,- dan untuk pergi ke Tegal mas biaya nya seharga 375.000,-"
Pantai Sari Ringgung,"1 jam berkendara dr Bandar Lampung, tibalah saya di sebuah pantai yang memiliki bening nya biru laut tanpa batas. Namanya Pantai Sari Ringgung yang masuk ke dalam wilayah kabupaten Pesawaran Prov. Lampung.
Pantai ini cukup ikonik seiring dengan berbagai fasilitas baru ditambah untuk menarik kunjungan"
Pantai Sari Ringgung,"Masuknya lumayan jauh dari pintu utama. Jalannya juga agak rusak dan berlumpur. Pertama kali kesini ya lumayan lah karna airnya masih hijau walaupun pantainya sedikit kotor karna ada sampah dimana2. Masuk mobil 100rb, kalo mau sewa pondokan 100rb, mandi buat bilas aja bayar lagi 3rb."
Pulau Kelagian,"Ikan dan batu karangnya bagus, seru banget karena banyak banget ikan nya apalagi kalo kita kasih makan ikan ikan nya pada kumpul"
Pulau Kelagian,"Selalu menjadi hal yang di Kangen in kalo liburan di sini, Ngecamp ceria brg temen dengan view laut yang indah"
Pulau Kelagian,"ONE DAY TRIP (ODT) PAWANG LAMPUNG
paket wisata pahawang
175.000/pack min 10 pack
07:00 meeting point dermaga ketapang/pantai klara
08:00 pemberangkatan menuju pahawang
09:00 snorkling cukuh bedil
10:30 snorkling taman nemo
12:00 makan siang fila tury di pulau pahawang
13:00 snorkling candi/menara
14:30 pasir timbul"
Pulau Kelagian,Salah satu destinasi wisata laut di Lampung dengan keindahan pantai sangat cocok untuk liburan keluarga
Pulau Kelagian,"Pantai ini indah sekali. Walaupun akses ke sana cukup membingungkan dan kurang tertata, akan tetapi indahnya panorama sari ringgung dari ketinggian sangatlah ""WOW"". Silahkan datang"
Pulau Kelagian,"Bagi saya yang jrang-jarang travel ke Pantai, Pulau kelagian sangat memanjakan mata dan hati saya untuk takjub akan ciptaan Allah Swt. Ada dua spot yang saat itu saya kunjungi, yakni Pulau kelagian besar, dan pulau kelagian lunik/kecil. Dua-duanya eksotis, berpasir putih, bersih, alami, sepi penduduk,"
Pulau Kelagian,"kalau tadi saya bahas pahawang island, nah ini juga sama bagian dari pulau pahawang. Namanya kelagian yang jaraknya ga jauh dari pahawang. Bagus banget. Jujur aja gakan pernah nyesel deh kalau kesini. Malah nagih lagi."
Pulau Kelagian,"Pulau Kelagian dapat ditempuh 1,5 jam dari Kota Bandar Lampung.
Dari Kota Bandar Lampung anda dapat langsung menuju ke Dermaga Ketapang lalu anda dapat menggunakan kapal tradisional selama 30 menit untuk menuju Pulau Kelagian.
Pulau ini sangat terawat sehingga pengunjung akan dimanjakan mata oleh keindahan"
Pulau Kelagian,"Pulau Kelagian Kecil dengan pantai yang bersih, pasir yang halus, menjadi spot snorkeling juga Tempat berjemur kalau ingin sedikit menghitamkan kulit. Makan harus dipaksa apalagi anak-anak, disini maunya berendam terus, main pasir jadi malas makan supaya ga masuk angin. Ada tempat berteduh seperti saung-saung.
Pulau"
Pulau Kelagian,"Pulau ini cukup jauh jika dijangkau dari Bandar Lampung. Kamu bisa menaiki perahu motor dari pantai Mutun dengan ongkos sewa yang lumayan mahal. Kondisi pantai di pulau ini masih sangat natural, jarang dikunjungi orang karena letaknya yg cukup jauh dari darat. Jika kamu berniat berenang"
